EmployeeID,FirstName,MiddleInitial,LastName,EmployeeName,birth_date,Gender,CityID,hire_date
11,Sonya,E,Dickson,Sonya E Dickson,1976-01-14,F,12,2016-08-10
23,Janet,K,Flowers,Janet K Flowers,1979-03-01,F,7,2010-05-12
5,Desiree,L,Stuart,Desiree L Stuart,1963-05-03,F,23,2014-11-16
2,Christine,W,Palmer,Christine W Palmer,1968-01-25,F,4,2011-04-27
9,Daphne,X,King,Daphne X King,1956-05-02,F,39,2013-04-17
1,Nicole,T,Fuller,Nicole T Fuller,1981-03-07,F,80,2011-06-20
12,Lindsay,M,Chen,Lindsay M Chen,1951-09-03,F,58,2011-11-03
22,Tonia,O,Mc Millan,Tonia O Mc Millan,1952-03-02,F,53,2015-11-25
14,Wendi,G,Buckley,Wendi G Buckley,1961-09-05,M,32,2016-07-11
3,Pablo,Y,Cline,Pablo Y Cline,1963-02-09,M,70,2012-03-30
7,Chadwick,P,Cook,Chadwick P Cook,1970-05-02,M,39,2016-07-10
10,Jean,P,Vang,Jean P Vang,1963-12-30,M,9,2012-07-23
13,Katina,Y,Marks,Katina Y Marks,1963-04-18,M,68,2011-12-12
19,Bernard,L,Moody,Bernard L Moody,1970-03-22,M,54,2013-11-12
16,Chadwick,U,Walton,Chadwick U Walton,1951-07-07,M,28,2017-02-10
20,Shelby,P,Riddle,Shelby P Riddle,1964-06-13,M,14,2013-03-24
21,Devon,D,Brewer,Devon D Brewer,1966-04-25,M,65,2016-01-24
15,Kari,D,Finley,Kari D Finley,1972-02-17,M,92,2014-07-13
18,Warren,C,Bartlett,Warren C Bartlett,1964-03-09,M,58,2010-02-22
6,Holly,E,Collins,Holly E Collins,1987-01-13,M,65,2013-06-22
4,Darnell,O,Nielsen,Darnell O Nielsen,1989-02-06,M,39,2014-03-06
17,Seth,D,Franco,Seth D Franco,1989-08-29,M,80,2010-07-11
8,Julie,E,Dyer,Julie E Dyer,1956-12-13,M,18,2014-10-14
